code,description,parent_code
00,ALGEMEEN,
00.00,ALGEMEEN,00
00.01,ALGEMENE OMSCHRIJVING,00
00.02,ALGEMENE PROJECTGEGEVENS,00
00.03,MODEL OVEREENKOMSTEN,00
01,VOOR HET WERK GELDENDE VOORWAARDEN,
01.00,ALGEMEEN,01
01.01,VAN TOEPASSING ZIJNDE VOORWAARDEN EN VOORSCHRIFTEN,01
01.02,AANVULLINGEN EN AFWIJKINGEN OP EN INVULLINGEN VAN DE UAV 2012,01
01.03,VERZEKERINGEN,01
01.04,VERREKENING WIJZIGING KOSTEN EN PRIJZEN,01
01.05,TEKENINGEN EN BEREKENINGEN,01
01.06,ARBEIDSOMSTANDIGHEDEN,01
02,VOOR HET WERK GELDENDE VOORWAARDEN UAV-GC 2005,
02.00,ALGEMEEN,02
02.02,ANNEXEN,02
05,BOUWPLAATSVOORZIENINGEN,
05.00,ALGEMEEN,05
05.11,FUNCTIONELE OMSCHRIJVINGEN,05
05.12,WERKBESCHEIDEN,05
05.13,"BEPROEVING, CONTROLE, INSPECTIE, KEURING, METING EN OPNEMING",05
05.14,"MONSTERS, PROEFOPSTELLINGEN EN PROEFVLAKKEN",05
05.15,INSTRUCTIE/OPLEIDING,05
05.16,INREGELING EN INBEDRIJFSTELLING,05
05.17,REVISIEBESCHEIDEN,05
05.18,GARANTIES,05
05.31,LOODSEN EN KETEN,05
05.32,BESCHIKBAARSTELLING MATERIEEL,05
05.33,BESCHIKBAARSTELLING PERSONEEL,05
05.34,SCHOONMAKEN EN PREVENTIEF ONDERHOUD,05
05.41,INRICHTING WERKTERREIN,05
05.42,AFSLUITINGEN EN RECLAME,05
05.43,TIJDELIJKE TERREINVERHARDINGEN,05
05.50,MAATVOERING,05
05.51,OPMETEN,05
05.52,UITZETTEN,05
05.61,TIJDELIJKE DRAINAGE,05
05.62,TIJDELIJKE BEMALING,05
05.71,TIJDELIJKE DAMWANDEN,05
05.72,TIJDELIJKE PAALFUNDERINGEN,05
05.73,ANKERS TIJDELIJKE DAMWANDEN,05
05.74,BEWERKINGEN TIJDELIJKE FUNDERINGSPALEN,05
05.88,STELPOSTEN,05
06,BOUWWERKBESCHEIDEN,
06.00,ALGEMEEN,06
06.10,OVERDRACHTSBESCHEIDEN,06
06.11,FUNCTIONELE- EN SYSTEEMOMSCHRIJVINGEN,06
06.12,WERKBESCHEIDEN,06
06.13,"BEPROEVING, CONTROLE, INSPECTIE, KEURING, METING EN OPNEMING",06
06.14,"MONSTERS, PROEFOPSTELLINGEN EN PROEFVLAKKEN",06
06.15,INSTRUCTIE/OPLEIDING,06
06.16,INREGELING EN INBEDRIJFSTELLING,06
06.17,REVISIEBESCHEIDEN,06
06.18,GARANTIES,06
06.88,STELPOSTEN,06
10,STUT- EN SLOOPWERK,
10.00,ALGEMEEN,10
10.11,FUNCTIONELE OMSCHRIJVINGEN,10
10.12,WERKBESCHEIDEN,10
10.13,"BEPROEVING, CONTROLE, INSPECTIE, KEURING, METING EN OPNEMING",10
10.14,"MONSTERS, PROEFOPSTELLINGEN EN PROEFVLAKKEN",10
10.15,INSTRUCTIE/OPLEIDING,10
10.16,"KEURING, INSPECTIE, RAPPORTAGE",10
10.17,REVISIEBESCHEIDEN,10
10.18,GARANTIES,10
10.31,TOTAAL SLOOPWERK,10
10.32,PLAATSELIJK SLOOPWERK,10
10.40,STUTWERK,10
10.50,HAK- EN BREEKWERK,10
10.88,STELPOSTEN,10
12,GRONDWERK,
12.00,ALGEMEEN,12
12.11,FUNCTIONELE OMSCHRIJVINGEN,12
12.12,WERKBESCHEIDEN,12
12.13,"BEPROEVING, CONTROLE, INSPECTIE, KEURING, METING EN OPNEMING",12
12.14,"MONSTERS, PROEFOPSTELLINGEN EN PROEFVLAKKEN",12
12.15,INSTRUCTIE/OPLEIDING,12
12.16,INREGELING EN INBEDRIJFSTELLING,12
12.17,REVISIEBESCHEIDEN,12
12.18,GARANTIES,12
12.21,DEMONTEREN/VERWIJDEREN BESTAAND WERK,12
12.22,REINIGEN BESTAAND GRONDWERK,12
12.25,HERSTELLEN BESTAAND GRONDWERK,12
12.26,AANPASSEN BESTAAND GRONDWERK,12
12.27,TERUGBRENGEN BESTAAND GRONDWERK,12
12.28,ONDERHOUDEN BESTAAND GRONDWERK,12
12.30,BOUWRIJP MAKEN,12
12.40,ONTGRAVEN VAN GROND,12
12.50,VERWERKEN VAN GROND EN GRONDVERVANGENDE MATERIALEN,12
12.60,VERDICHTEN VAN GROND,12
12.70,BEWERKEN VAN GROND,12
12.81,FOLIES EN WEEFSELS,12
12.88,STELPOSTEN,12
14,BUITENRIOLERING EN DRAINAGE,
14.00,ALGEMEEN,14
14.11,FUNCTIONELE OMSCHRIJVINGEN,14
14.12,WERKBESCHEIDEN,14
14.13,"BEPROEVEN, CONTROLEREN, KEUREN, INREGELEN, IN BEDRIJF STELLEN",14
14.14,"MONSTERS, PROEFOPSTELLINGEN EN PROEFVLAKKEN",14
14.15,INSTRUCTIE/OPLEIDING,14
14.16,INREGELING EN INBEDRIJFSTELLING,14
14.17,REVISIEBESCHEIDEN,14
14.18,GARANTIES,14
14.20,BESTAAND WERK,14
14.31,STEENACHTIGE BUISLEIDINGEN,14
14.32,METALEN BUISLEIDINGEN,14
14.33,KUNSTSTOF BUISLEIDINGEN,14
14.38,VERBINDINGEN,14
14.40,GOTEN,14
14.51,PUTTEN,14
14.52,AFSCHEIDERS,14
14.53,KOLKEN,14
14.54,TANKS,14
14.60,APPENDAGES,14
14.61,APPENDAGES IN LEIDINGEN,14
14.64,SLANGEN,14
14.81,ISOLATIE,14
14.82,ISOLATIE-AFWERKINGEN,14
14.88,STELPOSTEN,14
15,TERREINVERHARDINGEN,
15.00,ALGEMEEN,15
15.11,FUNCTIONELE OMSCHRIJVINGEN,15
15.12,WERKBESCHEIDEN,15
15.13,"BEPROEVING, CONTROLE, INSPECTIE, KEURING, METING EN OPNEMING",15
15.14,MONSTERS EN PROEFOPSTELLING,15
15.15,INSTRUCTIE/OPLEIDING,15
15.16,INREGELING EN INBEDRIJFSTELLING,15
15.17,REVISIEBESCHEIDEN,15
15.18,GARANTIES,15
15.21,DEMONTEREN/VERWIJDEREN BESTAANDE TERREINVERHARDINGEN,15
15.22,REINIGEN BESTAANDE TERREINVERHARDINGEN,15
15.23,VOORBEHANDELEN ONDERGROND BESTAANDE TERREINVERHARDINGEN,15
15.24,INJECTEREN BESTAANDE TERREINVERHARDINGEN,15
15.25,HERSTELLEN BESTAANDE TERREINVERHARDINGEN,15
15.26,AANPASSEN BESTAANDE TERREINVERHARDINGEN,15
15.27,HERPLAATSEN BESTAANDE TERREINVERHARDINGEN,15
15.28,ONDERHOUDEN BESTAANDE TERREINVERHARDINGEN,15
15.31,KANTOPSLUITINGEN MET BANDEN,15
15.34,BESTRATINGSVOEGEN,15
15.38,VOORZIENINGEN KANTOPSLUITINGEN,15
15.41,STRAATSTEENBESTRATING,15
15.42,TEGELBESTRATING,15
15.43,KEIENBESTRATING,15
15.44,BEDRIJFSVLOERPLAAT BESTRATING,15
15.51,OPPERVLAKTEBEHANDELINGEN ASFALTVERHARDING,15
15.52,ASFALTVERHARDINGEN,15
15.61,BETONVERHARDINGEN,15
15.71,VERHARDINGSLAGEN VAN STEENMENGSEL,15
15.81,GELEIDINGSCONSTRUCTIES,15
15.88,STELPOSTEN,15
16,BEPLANTING,
16.00,ALGEMEEN,16
16.11,FUNCTIONELE OMSCHRIJVINGEN,16
16.12,WERKBESCHEIDEN,16
16.13,"BEPROEVING, CONTROLE, INSPECTIE, KEURING, METING EN OPNEMING",16
16.14,"MONSTERS, PROEFOPSTELLINGEN EN PROEFVLAKKEN",16
16.15,INSTRUCTIE/OPLEIDING,16
16.16,INREGELING EN INBEDRIJFSTELLING,16
16.17,REVISIEBESCHEIDEN,16
16.18,GARANTIES,16
16.21,VERWIJDEREN BESTAANDE BEPLANTING,16
16.25,HERSTELLEN BESTAANDE BEPLANTING,16
16.26,AANPASSEN BESTAANDE BEPLANTING,16
16.27,HERPLAATSEN BESTAANDE BEPLANTING,16
16.28,ONDERHOUDEN BESTAANDE BEPLANTING,16
16.30,GRONDVERBETERING,16
16.41,ZAAIEN,16
16.42,POTEN,16
16.43,BEZODEN,16
16.51,PLANTEN,16
16.52,VERPLANTEN,16
16.60,WATER GEVEN,16
16.81,FOLIES EN WEEFSELS,16
16.88,STELPOSTEN,16
17,TERREININRICHTING,
17.00,ALGEMEEN,17
17.11,FUNCTIONELE OMSCHRIJVINGEN,17
17.12,WERKBESCHEIDEN,17
17.13,"BEPROEVING, CONTROLE, INSPECTIE, KEURING, METING EN OPNEMING",17
17.14,"MONSTERS, PROEFOPSTELLINGEN EN PROEFVLAKKEN",17
17.15,INSTRUCTIE/OPLEIDING,17
17.16,INREGELING EN INBEDRIJFSTELLING,17
17.17,REVISIEBESCHEIDEN,17
17.18,GARANTIES,17
17.21,DEMONTEREN/VERWIJDEREN BESTAANDE TERREININRICHTING,17
17.22,REINIGEN BESTAANDE TERREININRICHTING,17
17.25,HERSTELLEN BESTAANDE TERREININRICHTING,17
17.26,AANPASSEN BESTAANDE TERREININRICHTING,17
17.27,HERPLAATSEN BESTAANDE TERREININRICHTING,17
17.28,ONDERHOUDEN BESTAANDE TERREININRICHTING,17
17.31,GEBOUWEN/BOUWWERKEN,17
17.32,TERREINMEUBILAIR,17
17.33,"SPORT-, TRIM- EN SPEELTOESTELLEN",17
17.34,"VERKEERSVOORZIENINGEN, BEWEGWIJZERING EN RECLAME",17
17.35,DECORATIEVE OBJECTEN,17
17.41,"AFRASTERINGEN, VOORAF VERVAARDIGD",17
17.42,"POORTEN EN HEKKEN, VOORAF VERVAARDIGD",17
17.43,"GELUIDWERINGSSCHERMEN, VOORAF VERVAARDIGD",17
17.51,"TIMMERWERK, IN HET WERK VERVAARDIGDE OBJECTEN",17
17.52,"AFRASTERINGEN, IN HET WERK VERVAARDIGD",17
17.88,STELPOSTEN,17
20,FUNDERINGSPALEN EN DAMWANDEN,
20.00,ALGEMEEN,20
20.11,FUNCTIONELE OMSCHRIJVINGEN,20
20.12,WERKBESCHEIDEN,20
20.13,"BEPROEVEN, CONTROLEREN, KEUREN, INREGELEN, IN BEDRIJF STELLEN",20
20.14,"MONSTERS, PROEFOPSTELLINGEN EN PROEFVLAKKEN",20
20.15,INSTRUCTIE/OPLEIDING,20
20.16,"KEURING, INSPECTIE, RAPPORTAGE",20
20.17,REVISIEBESCHEIDEN,20
20.18,GARANTIES,20
20.21,DEMONTEREN/VERWIJDEREN BESTAANDE FUNDERINGSPALEN EN DAMWANDEN,20
20.25,HERSTELLEN BESTAANDE FUNDERINGSPALEN EN DAMWANDEN,20
20.26,AANPASSEN BESTAANDE FUNDERINGSPALEN EN DAMWANDEN,20
20.31,PAALFUNDERINGEN VAN VOORAF VERVAARDIGDE PALEN,20
20.32,IN DE GROND GEVORMDE PALEN,20
20.37,BEWERKINGEN FUNDERINGSPALEN,20
20.41,DAMWANDEN VAN VOORAF VERVAARDIGDE DAMWANDPROFIELEN,20
20.42,IN DE GROND GEVORMDE DAMWANDEN,20
20.43,DAMWANDVERANKERINGEN,20
20.47,BEWERKINGEN DAMWANDEN,20
20.88,STELPOSTEN,20
21,BETONWERK,
21.00,ALGEMEEN,21
21.11,FUNCTIONELE OMSCHRIJVINGEN,21
21.12,WERKBESCHEIDEN,21
21.13,"BEPROEVEN, CONTROLEREN, KEUREN, INREGELEN, IN BEDRIJF STELLEN",21
21.14,"MONSTERS, PROEFOPSTELLINGEN EN PROEFVLAKKEN",21
21.15,INSTRUCTIE/OPLEIDING,21
21.16,"KEURING, INSPECTIE, RAPPORTAGE",21
21.17,REVISIEBESCHEIDEN,21
21.18,GARANTIES,21
21.20,BESTAAND WERK,21
21.21,DEMONTEREN/VERWIJDEREN BESTAAND BETONWERK,21
21.22,REINIGEN BESTAAND BETONWERK,21
21.23,VOORBEHANDELEN ONDERGROND BESTAAND BETONWERK,21
21.24,INJECTEREN BESTAAND BETONWERK,21
21.25,HERSTELLEN BESTAAND BETONWERK,21
21.26,AANPASSEN BESTAAND BETONWERK,21
21.27,HERPLAATSEN BESTAAND BETONWERK,21
21.28,ONDERHOUDEN BESTAAND BETONWERK,21
21.31,VERLOREN BEKISTING,21
21.32,TIJDELIJKE BEKISTING,21
21.33,STAALBETONVLOER,21
21.40,WAPENINGSWERK,21
21.50,IN HET WERK GESTORT BETON,21
21.51,"IN HET WERK GESTORT BETON, MONOLITISCH AFGEWERKT",21
21.52,IN HET WERK GESTORT SCHUIMBETON,21
21.53,"IN HET WERK GESTORT BETON, GEWICHTBESPARENDE VOORZ.",21
21.60,VOORSPANNING,21
21.71,NABEHANDELING,21
21.72,BEWERKING,21
21.81,ISOLATIE,21
21.82,ANKERS EN BEVESTIGINGSMIDDELEN,21
21.83,PROFIELEN,21
21.84,OPLEGGINGEN,21
21.85,DOORVOERINGEN EN SPARINGEN,21
21.86,VOCHTKERINGEN,21
21.88,STELPOSTEN,21
22,METSELWERK,
22.00,ALGEMEEN,22
22.11,FUNCTIONELE OMSCHRIJVINGEN,22
22.12,WERKBESCHEIDEN,22
22.13,"BEPROEVING, CONTROLE, INSPECTIE, KEURING, METING EN OPNEMING",22
22.14,MONSTERS EN PROEFOPSTELLING,22
22.15,INSTRUCTIE/OPLEIDING,22
22.16,"KEURING, INSPECTIE, RAPPORTAGE",22
22.17,REVISIEBESCHEIDEN,22
22.18,GARANTIES,22
22.21,DEMONTEREN/VERWIJDEREN BESTAAND METSELWERK,22
22.22,REINIGEN BESTAAND METSELWERK,22
22.23,VOORBEHANDELEN ONDERGROND BESTAAND METSELWERK,22
22.24,INJECTEREN BESTAAND METSELWERK,22
22.25,HERSTELLEN BESTAAND METSELWERK,22
22.26,AANPASSEN BESTAAND METSELWERK,22
22.27,HERPLAATSEN BESTAAND METSELWERK,22
22.28,ONDERHOUDEN BESTAAND METSELWERK,22
22.31,BAKSTEEN MET MORTEL,22
22.32,KALKZANDSTEEN MET MORTEL,22
22.33,BETONSTEEN MET MORTEL,22
22.34,NATUURSTEEN MET MORTEL,22
22.35,GLAZEN BOUWSTEEN MET MORTEL,22
22.36,LEEMSTEEN MET MORTEL,22
22.41,"BAKSTEEN, GELIJMD",22
22.42,"KALKZANDSTEEN, GELIJMD",22
22.43,"BETONSTEEN, GELIJMD",22
22.44,"GIPSBLOKKEN, GELIJMD",22
22.51,"BAKSTEEN, DROOG GESTAPELD",22
22.52,"BETONSTEEN, DROOG GESTAPELD",22
22.55,"GLAZEN BOUWSTEEN, DROOG GESTAPELD",22
22.60,VOORZIENINGEN IN METSELWERK,22
22.71,"AFKWAST-, VERTIN- EN RAAPLAGEN",22
22.72,VOEGWERK,22
22.81,WAPENING,22
22.82,VERANKERINGEN EN OPVANGCONSTRUCTIES,22
22.83,ISOLATIE,22
22.84,VOCHTKERINGEN,22
22.85,KANAALTOEBEHOREN EN VENTILATIEVOORZIENINGEN,22
22.86,INFORMATIEPLAAT/-ELEMENT,22
22.88,STELPOSTEN,22
23,VOORAF VERVAARDIGDE STEENACHTIGE ELEMENTEN,
23.00,ALGEMEEN,23
23.11,FUNCTIONELE OMSCHRIJVINGEN,23
23.12,WERKBESCHEIDEN,23
23.13,"BEPROEVING, CONTROLE, INSPECTIE, KEURING, METING EN OPNEMING",23
23.14,MONSTERS EN PROEFOPSTELLING,23
23.15,INSTRUCTIE/OPLEIDING,23
23.16,INREGELING EN INBEDRIJFSTELLING,23
23.17,REVISIEBESCHEIDEN,23
23.18,GARANTIES,23
23.21,DEMONTEREN/VERWIJDEREN BESTAANDE STEENACHTIGE ELEMENTEN,23
23.22,REINIGEN BESTAANDE STEENACHTIGE ELEMENTEN,23
23.23,VOORBEHANDELEN ONDERGROND BESTAANDE STEENACHTIGE ELEMENTEN,23
23.24,INJECTEREN BESTAANDE STEENACHTIGE ELEMENTEN,23
23.25,HERSTELLEN BESTAANDE STEENACHTIGE ELEMENTEN,23
23.26,AANPASSEN BESTAANDE STEENACHTIGE ELEMENTEN,23
23.27,HERPLAATSEN BESTAANDE STEENACHTIGE ELEMENTEN,23
23.28,ONDERHOUDEN BESTAANDE STEENACHTIGE ELEMENTEN,23
23.30,CONSTRUCTIEVE ELEMENTEN,23
23.31,RUIMTELIJKE ELEMENTEN,23
23.41,NIET-VRIJDRAGENDE VLOERELEMENTEN,23
23.42,VRIJDRAGENDE VLOERELEMENTEN,23
23.43,DAKELEMENTEN,23
23.50,WANDELEMENTEN,23
23.51,KOZIJNELEMENTEN,23
23.61,TRAPELEMENTEN,23
23.62,BALUSTRADE-ELEMENTEN,23
23.70,BEKLEDINGS- EN AFDEKKINGSELEMENTEN,23
23.81,VOCHTKERINGEN,23
23.82,VOEGVULLINGEN,23
23.84,OPLEGGINGEN,23
23.85,DOORVOERINGEN EN SPARINGEN,23
23.88,STELPOSTEN,23
24,RUWBOUWTIMMERWERK,
24.00,ALGEMEEN,24
24.11,FUNCTIONELE OMSCHRIJVINGEN,24
24.12,WERKBESCHEIDEN,24
24.13,"BEPROEVING, CONTROLE, INSPECTIE, KEURING, METING EN OPNEMING",24
24.14,"MONSTERS, PROEFOPSTELLINGEN EN PROEFVLAKKEN",24
24.15,INSTRUCTIE/OPLEIDING,24
24.16,"KEURING, INSPECTIE, RAPPORTAGE",24
24.17,REVISIEBESCHEIDEN,24
24.18,GARANTIES,24
24.21,DEMONTEREN/VERWIJDEREN BESTAAND RUWBOUWTIMMERWERK,24
24.22,REINIGEN BESTAAND RUWBOUWTIMMERWERK,24
24.24,INJECTEREN BESTAAND RUWBOUWTIMMERWERK,24
24.25,HERSTELLEN BESTAAND RUWBOUWTIMMERWERK,24
24.26,AANPASSEN BESTAAND RUWBOUWTIMMERWERK,24
24.27,HERPLAATSEN BESTAAND RUWBOUWTIMMERWERK,24
24.28,ONDERHOUDEN BESTAAND RUWBOUWTIMMERWERK,24
24.31,BALKCONSTRUCTIES,24
24.32,"REGEL-, TENGEL- EN RACHELWERK",24
24.41,BESCHIETINGEN,24
24.42,VLAKKE-PLAATBEKLEDINGEN,24
24.43,GEPROFILEERDE-PLAATBEKLEDINGEN,24
24.44,PROFIELSTROKENBEKLEDINGEN,24
24.45,PANEELBEKLEDINGEN,24
24.51,"SPANTEN, LIGGERS EN KOLOMMEN",24
24.52,"VLOER-, WAND- EN DAKELEMENTEN",24
24.53,LUIFELELEMENTEN,24
24.81,ISOLATIE,24
24.82,VOCHTKERINGEN,24
24.83,DAMPREMMENDE/DAMPDOORLATENDE LAGEN,24
24.84,OPLEGGINGEN,24
24.85,ANKERS EN BEVESTIGINGSMIDDELEN,24
24.86,OPPERVLAKTEBEHANDELINGEN,24
24.88,STELPOSTEN,24
25,METAALCONSTRUCTIEWERK,
25.00,ALGEMEEN,25
25.11,FUNCTIONELE OMSCHRIJVINGEN,25
25.12,WERKBESCHEIDEN,25
25.13,"BEPROEVING, CONTROLE, INSPECTIE, KEURING, METING EN OPNEMING",25
25.14,"MONSTERS, PROEFOPSTELLINGEN EN PROEFVLAKKEN",25
25.15,INSTRUCTIE/OPLEIDING,25
25.16,"KEURING, INSPECTIE, RAPPORTAGE",25
25.17,REVISIEBESCHEIDEN,25
25.18,GARANTIES,25
25.21,DEMONTEREN/VERWIJDEREN BESTAAND METAALCONSTRUCTIEWERK,25
25.22,REINIGEN BESTAAND METAALCONSTRUCTIEWERK,25
25.25,HERSTELLEN BESTAAND METAALCONSTRUCTIEWERK,25
25.26,AANPASSEN BESTAAND METAALCONSTRUCTIEWERK,25
25.27,HERPLAATSEN BESTAAND METAALCONSTRUCTIEWERK,25
25.28,ONDERHOUDEN BESTAAND METAALCONSTRUCTIEWERK,25
25.31,SKELET,25
25.32,CONSTRUCTIE-ONDERDELEN,25
25.33,"PLATEN, PROFIELEN EN KABELS",25
25.81,VOCHTKERINGEN,25
25.82,OPLEGGINGEN,25
25.83,TOEBEHOREN,25
25.88,STELPOSTEN,25
26,BOUWKUNDIGE KANAALELEMENTEN,
26.00,ALGEMEEN,26
26.11,FUNCTIONELE OMSCHRIJVINGEN,26
26.12,WERKBESCHEIDEN,26
26.13,"BEPROEVING, CONTROLE, INSPECTIE, KEURING, METING EN OPNEMING",26
26.14,"MONSTERS, PROEFOPSTELLINGEN EN PROEFVLAKKEN",26
26.15,INSTRUCTIE/OPLEIDING,26
26.16,INREGELING EN INBEDRIJFSTELLING,26
26.17,REVISIEBESCHEIDEN,26
26.18,GARANTIES,26
26.21,DEMONTEREN/VERWIJDEREN BESTAANDE BOUWKUNDIGE KANAALELEMENTEN,26
26.22,REINIGEN BESTAANDE BOUWKUNDIGE KANAALELEMENTEN,26
26.25,HERSTELLEN BESTAANDE BOUWKUNDIGE KANAALELEMENTEN,26
26.26,AANPASSEN BESTAANDE BOUWKUNDIGE KANAALELEMENTEN,26
26.28,ONDERHOUDEN BESTAAND WERK,26
26.31,STEENACHTIGE KANAALELEMENTEN,26
26.32,METALEN KANAALELEMENTEN,26
26.33,KUNSTSTOF KANAALELEMENTEN,26
26.40,"SCHOORSTENEN, KAPPEN EN ROOSTERS",26
26.81,DOORVOERINGEN,26
26.82,BEEINDIGINGEN EN TOEGANGEN,26
26.88,STELPOSTEN,26
30,"KOZIJNEN, RAMEN EN DEUREN",
30.00,ALGEMEEN,30
30.11,FUNCTIONELE OMSCHRIJVINGEN,30
30.12,WERKBESCHEIDEN,30
30.13,"BEPROEVEN, CONTROLEREN, KEUREN, INREGELEN, IN BEDRIJF STELLEN",30
30.14,MONSTERS EN PROEFOPSTELLING,30
30.15,INSTRUCTIE/OPLEIDING,30
30.16,"KEURING, INSPECTIE, RAPPORTAGE",30
30.17,REVISIEBESCHEIDEN,30
30.18,GARANTIES,30
30.21,"DEMONTEREN/VERWIJDEREN BESTAANDE KOZIJNEN, RAMEN EN DEUREN",30
30.22,"REINIGEN BESTAANDE KOZIJNEN, RAMEN EN DEUREN",30
30.25,"HERSTELLEN BESTAANDE KOZIJNEN, RAMEN EN DEUREN",30
30.26,"AANPASSEN BESTAANDE KOZIJNEN, RAMEN EN DEUREN",30
30.27,"HERPLAATSEN BESTAANDE KOZIJNEN, RAMEN EN DEUREN",30
30.28,"ONDERHOUDEN BESTAANDE KOZIJNEN, RAMEN EN DEUREN",30
30.31,STELKOZIJNEN,30
30.32,KOZIJNEN,30
30.33,DEUREN,30
30.34,RAMEN,30
30.36,ROOSTERS,30
30.37,PANELEN,30
30.38,"TOEBEHOREN KOZIJNEN, RAMEN EN DEUREN",30
30.41,DAKVENSTERS,30
30.42,DAKKAPELLEN,30
30.43,DAKLICHTKOEPELS EN DAKLICHTKAPPEN,30
30.44,DAKLUIKEN,30
30.51,VLIESGEVELSYSTEMEN,30
30.52,BEGLAZINGSPROFIELSYSTEMEN,30
30.61,AUTOMATISCHE VOETGANGERSDEUREN,30
30.62,GARAGE- EN BEDRIJFSBUITENDEUREN,30
30.63,BEDRIJFSBINNENDEUREN,30
30.64,BEDRIJFSGORDIJNEN,30
30.68,TOEBEHOREN GARAGE- EN BEDRIJFSDEUREN,30
30.70,BEWEEGBARE BINNENWANDEN,30
30.80,HANG- EN SLUITWERK,30
30.88,STELPOSTEN,30
31,SYSTEEMBEKLEDINGEN,
31.00,ALGEMEEN,31
31.11,FUNCTIONELE OMSCHRIJVINGEN,31
31.12,WERKBESCHEIDEN,31
31.13,"BEPROEVING, CONTROLE, INSPECTIE, KEURING, METING EN OPNEMING",31
31.14,MONSTERS EN PROEFOPSTELLING,31
31.15,INSTRUCTIE/OPLEIDING,31
31.16,INREGELING EN INBEDRIJFSTELLING,31
31.17,REVISIEBESCHEIDEN,31
31.18,GARANTIES,31
31.21,DEMONTEREN/VERWIJDEREN BESTAANDE SYSTEEMBEKLEDINGEN,31
31.22,REINIGEN BESTAANDE SYSTEEMBEKLEDINGEN,31
31.23,VOORBEHANDELEN ONDERGROND BESTAANDE SYSTEEMBEKLEDINGEN,31
31.24,injecteren bestaand werk,31
31.25,HERSTELLEN BESTAANDE SYSTEEMBEKLEDINGEN,31
31.26,AANPASSEN BESTAANDE SYSTEEMBEKLEDINGEN,31
31.27,HERPLAATSEN BESTAANDE SYSTEEMBEKLEDINGEN,31
31.28,ONDERHOUDEN BESTAAND WERK,31
31.31,ENKELVOUDIGE PANEELBEKLEDINGEN,31
31.32,ENKELVOUDIGE FELSPLAATBEKLEDINGEN,31
31.33,ENKELVOUDIGE PROFIELPLAATBEKLEDINGEN,31
31.40,SAMENGESTELDE BEKLEDINGEN,31
31.50,BEKLEDINGEN SANDWICHPANELEN,31
31.70,METALEN DRAAGCONSTRUCTIE,31
31.81,VOCHTKERINGEN,31
31.82,ISOLATIE,31
31.88,STELPOSTEN,31
32,TRAPPEN EN BALUSTRADEN,
32.00,ALGEMEEN,32
32.11,FUNCTIONELE OMSCHRIJVINGEN,32
32.12,WERKBESCHEIDEN,32
32.13,"BEPROEVING, CONTROLE, INSPECTIE, KEURING, METING EN OPNEMING",32
32.14,"MONSTERS, PROEFOPSTELLINGEN EN PROEFVLAKKEN",32
32.15,INSTRUCTIE/OPLEIDING,32
32.16,"KEURING, INSPECTIE, RAPPORTAGE",32
32.17,REVISIEBESCHEIDEN,32
32.18,GARANTIES,32
32.21,DEMONTEREN/VERWIJDEREN BESTAANDE TRAPPEN EN BALUSTRADEN,32
32.22,REINIGEN BESTAANDE TRAPPEN EN BALUSTRADEN,32
32.25,HERSTELLEN BESTAANDE TRAPPEN EN BALUSTRADEN,32
32.26,AANPASSEN BESTAANDE TRAPPEN EN BALUSTRADEN,32
32.27,HERPLAATSEN BESTAANDE TRAPPEN EN BALUSTRADEN,32
32.28,ONDERHOUDEN BESTAANDE TRAPPEN EN BALUSTRADEN,32
32.31,VASTE TRAPPEN,32
32.32,BEWEEGBARE TRAPPEN,32
32.37,TRAPONDERDELEN,32
32.41,LADDERS,32
32.42,KLIMIJZERS,32
32.43,KLIMBEVEILIGINGEN,32
32.51,BALUSTRADEN,32
32.52,LEUNINGEN,32
32.57,BALUSTRADE- EN LEUNINGONDERDELEN,32
32.88,STELPOSTEN,32
33,DAKBEDEKKINGEN,
33.00,ALGEMEEN,33
33.11,FUNCTIONELE OMSCHRIJVINGEN,33
33.12,WERKBESCHEIDEN,33
33.13,"BEPROEVING, CONTROLE, INSPECTIE, KEURING, METING EN OPNEMING",33
33.14,MONSTERS EN PROEFOPSTELLING,33
33.15,INSTRUCTIE/OPLEIDING,33
33.16,"KEURING, INSPECTIE, RAPPORTAGE",33
33.17,REVISIEBESCHEIDEN,33
33.18,GARANTIES,33
33.21,DEMONTEREN/VERWIJDEREN BESTAANDE DAKBEDEKKING,33
33.22,REINIGEN BESTAANDE DAKBEDEKKING,33
33.25,HERSTELLEN BESTAANDE DAKBEDEKKING,33
33.26,AANPASSEN BESTAANDE DAKBEDEKKING,33
33.28,ONDERHOUDEN BESTAANDE DAKBEDEKKING,33
33.31,"VOORBEHANDELING ONDERGROND, BAANVORMIGE DAKBEDEKKINGEN",33
33.32,ISOLATIE/AFSCHOTLAAG,33
33.33,BITUMINEUZE DAKBEDEKKINGEN,33
33.34,KUNSTSTOF DAKBEDEKKINGEN,33
33.35,DAKDETAILS,33
33.36,DAKBEGROEIING,33
33.37,DAKVERHARDINGEN,33
33.38,"OP TE NEMEN ONDERDELEN, BAANVORMIGE DAKBEDEKKINGEN",33
33.41,KERAMISCHE EN BETONNEN DAKPANNEN,33
33.42,METALEN DAKPANPLATEN,33
33.51,NATUUR- EN KUNSTSTEEN LEIEN,33
33.52,METALEN LEIEN,33
33.53,HOUTEN LEIEN,33
33.54,BITUMINEUZE LEIEN,33
33.55,KUNSTSTOF LEIEN,33
33.56,KERAMISCHE EN BETONNEN LEIEN,33
33.61,FELSPLAATBEDEKKINGEN,33
33.62,ROEVENBEDEKKINGEN,33
33.63,GESOLDEERDE BEDEKKINGEN,33
33.64,SCHAKELBEDEKKINGEN,33
33.68,"OP TE NEMEN ONDERDELEN, METALEN-PLAATBEDEKKINGEN",33
33.71,VEZELCEMENT-PLAATBEKLEDINGEN,33
33.72,BITUMINEUZE-PLAATBEKLEDINGEN,33
33.73,METALEN-PLAATBEKLEDINGEN,33
33.74,KUNSTSTOF-PLAATBEKLEDINGEN,33
33.80,RIETBEDEKKINGEN,33
33.85,"OP TE NEMEN ONDERDELEN, RIETBEDEKKINGEN",33
33.87,"OP TE NEMEN ONDERDELEN, DAKBEDEKKINGEN",33
33.88,STELPOSTEN,33
34,BEGLAZING,
34.00,ALGEMEEN,34
34.11,FUNCTIONELE OMSCHRIJVINGEN,34
34.12,WERKBESCHEIDEN,34
34.13,"BEPROEVEN, CONTROLEREN, KEUREN, INREGELEN, IN BEDRIJF STELLEN",34
34.14,MONSTERS EN PROEFOPSTELLING,34
34.15,BEDIENINGSINSTRUCTIES EN ONDERHOUDSVOORSCHRIFTEN,34
34.16,"KEURING, INSPECTIE, RAPPORTAGE",34
34.17,REVISIEBESCHEIDEN,34
34.18,GARANTIES,34
34.21,DEMONTEREN/VERWIJDEREN BESTAANDE BEGLAZING,34
34.22,REINIGEN BESTAANDE BEGLAZING,34
34.23,VOORBEHANDELEN ONDERGROND BESTAANDE BEGLAZING,34
34.25,HERSTELLEN BESTAANDE BEGLAZING,34
34.26,AANPASSEN BESTAANDE BEGLAZING,34
34.27,HERPLAATSEN BESTAANDE BEGLAZING,34
34.28,ONDERHOUDEN BESTAANDE BEGLAZING,34
34.31,ENKELBLADIG GLAS,34
34.32,GELAAGD GLAS,34
34.33,MEERBLADIG ISOLEREND GLAS,34
34.34,PROFIELGLAS,34
34.35,KUNSTSTOF,34
34.36,VOORZETRUITEN EN ISOLATIEFOLIES,34
34.37,GLASPANEEL,34
34.38,MONUMENTENGLAS,34
34.41,STRUCTURELE BEGLAZING,34
34.88,STELPOSTEN,34
35,NATUUR- EN KUNSTSTEEN,
35.00,ALGEMEEN,35
35.11,FUNCTIONELE OMSCHRIJVINGEN,35
35.12,WERKBESCHEIDEN,35
35.13,"BEPROEVING, CONTROLE, INSPECTIE, KEURING, METING EN OPNEMING",35
35.14,MONSTERS EN PROEFOPSTELLING,35
35.15,INSTRUCTIE/OPLEIDING,35
35.16,"KEURING, INSPECTIE, RAPPORTAGE",35
35.17,REVISIEBESCHEIDEN,35
35.18,GARANTIES,35
35.21,DEMONTEREN/VERWIJDEREN BESTAAND NATUURSTEEN,35
35.22,REINIGEN BESTAAND NATUURSTEEN,35
35.24,INJECTEREN BESTAAND NATUURSTEEN,35
35.25,HERSTELLEN BESTAAND NATUURSTEEN,35
35.26,AANPASSEN BESTAAND NATUURSTEEN,35
35.27,HERPLAATSEN BESTAAND NATUURSTEEN,35
35.28,ONDERHOUDEN BESTAAND NATUURSTEEN,35
35.32,NATUURSTEEN TRAPPEN EN BALUSTRADEN,35
35.33,"NATUURSTEEN KOLOMMEN, STIJLEN, LATEIEN EN CONSOLES",35
35.34,"NATUURSTEEN BLOKKEN, PLATEN EN BANDEN",35
35.35,NATUURSTEEN DORPELS EN NEUTEN,35
35.42,KUNSTSTEEN TRAPPEN EN BALUSTRADEN,35
35.44,"KUNSTSTEEN BLOKKEN, PLATEN EN BANDEN",35
35.45,KUNSTSTEEN DORPELS EN NEUTEN,35
35.81,ISOLATIE,35
35.82,VOCHTKERINGEN,35
35.83,PROFIELEN,35
35.88,STELPOSTEN,35
36,VOEGVULLING,
36.00,ALGEMEEN,36
36.11,FUNCTIONELE OMSCHRIJVINGEN,36
36.12,WERKBESCHEIDEN,36
36.13,"BEPROEVING, CONTROLE, INSPECTIE, KEURING, METING EN OPNEMING",36
36.14,"MONSTERS, PROEFOPSTELLINGEN EN PROEFVLAKKEN",36
36.15,INSTRUCTIE/OPLEIDING,36
36.16,INREGELING EN INBEDRIJFSTELLING,36
36.17,REVISIEBESCHEIDEN,36
36.18,GARANTIES,36
36.21,DEMONTEREN/VERWIJDEREN BESTAANDE VOEGVULLING,36
36.22,REINIGEN BESTAANDE VOEGVULLING,36
36.23,VOORBEHANDELEN ONDERGROND BESTAANDE VOEGVULLING,36
36.24,INJECTEREN BESTAANDE VOEGVULLING,36
36.25,HERSTELLEN BESTAANDE VOEGVULLING,36
36.26,AANPASSEN BESTAANDE VOEGVULLING,36
36.27,HERPLAATSEN BESTAANDE VOEGVULLING,36
36.28,ONDERHOUDEN BESTAANDE VOEGVULLING,36
36.30,VOEGVULLINGEN MET KIT,36
36.40,VOEGVULLINGEN MET SCHUIMBAND,36
36.50,VOEGVULLINGEN MET VOEGPROFIELEN,36
36.60,VOEGVULLINGEN MET SCHUIM,36
36.88,STELPOSTEN,36
37,NA-ISOLATIE,
37.00,ALGEMEEN,37
37.11,FUNCTIONELE OMSCHRIJVINGEN,37
37.12,WERKBESCHEIDEN,37
37.13,"BEPROEVING, CONTROLE, INSPECTIE, KEURING, METING EN OPNEMING",37
37.14,"MONSTERS, PROEFOPSTELLINGEN EN PROEFVLAKKEN",37
37.15,INSTRUCTIE/OPLEIDING,37
37.16,INREGELING EN INBEDRIJFSTELLING,37
37.17,REVISIEBESCHEIDEN,37
37.18,GARANTIES,37
37.21,DEMONTEREN/VERWIJDEREN BESTAANDE NA-ISOLATIE,37
37.25,HERSTELLEN BESTAANDE NA-ISOLATIE,37
37.26,AANBRENGEN NA-ISOLATIE,37
37.28,ONDERHOUDEN BESTAANDE NA-ISOLATIE,37
37.30,ISOLATIE-ELEMENTEN,37
37.41,"SPOUWISOLATIE, TER PLAATSE GEVORMD",37
37.42,"ISOLATIEDEKLAGEN, TER PLAATSE GEVORMD",37
37.43,DAMPREMMENDE/DAMPDOORLATENDE LAGEN,37
37.88,STELPOSTEN,37
38,GEVELSCHERMEN,
38.00,ALGEMEEN,38
38.11,FUNCTIONELE OMSCHRIJVINGEN,38
38.12,WERKBESCHEIDEN,38
38.13,"BEPROEVING, CONTROLE, INSPECTIE, KEURING, METING EN OPNEMING",38
38.14,MONSTERS EN PROEFOPSTELLING,38
38.15,INSTRUCTIE/OPLEIDING,38
38.16,INREGELING EN INBEDRIJFSTELLING,38
38.17,REVISIEBESCHEIDEN,38
38.18,GARANTIES,38
38.21,DEMONTEREN/VERWIJDEREN BESTAANDE GEVELSCHERMEN,38
38.22,REINIGEN BESTAANDE GEVELSCHERMEN,38
38.25,HERSTELLEN BESTAANDE GEVELSCHERMEN,38
38.26,AANPASSEN BESTAANDE GEVELSCHERMEN,38
38.27,HERPLAATSEN BESTAANDE GEVELSCHERMEN,38
38.28,ONDERHOUDEN BESTAANDE GEVELSCHERMEN,38
38.30,"BEWEEGBARE SCHERMEN, BUITEN",38
38.40,"VASTE SCHERMEN EN ROOSTERS, BUITEN",38
38.50,"GEVELHEKKEN, LUIKEN EN HORDEUREN",38
38.88,STELPOSTEN,38
40,STUKADOORSWERK,
40.00,ALGEMEEN,40
40.11,FUNCTIONELE OMSCHRIJVINGEN,40
40.12,WERKBESCHEIDEN,40
40.13,"BEPROEVING, CONTROLE, INSPECTIE, KEURING, METING EN OPNEMING",40
40.14,MONSTERS EN PROEFOPSTELLING,40
40.15,INSTRUCTIE/OPLEIDING,40
40.16,INREGELING EN INBEDRIJFSTELLING,40
40.17,REVISIEBESCHEIDEN,40
40.18,GARANTIES,40
40.21,DEMONTEREN/VERWIJDEREN BESTAAND STUKADOORSWERK,40
40.22,REINIGEN BESTAAND STUKADOORSWERK,40
40.23,VOORBEHANDELEN ONDERGROND BESTAAND STUKADOORSWERK,40
40.25,HERSTELLEN BESTAAND STUKADOORSWERK,40
40.30,VOORBEHANDELEN ONDERGROND,40
40.31,PLEISTERDRAGERS,40
40.40,PLEISTERWERK,40
40.50,BUITENGEVELISOLATIESYSTEMEN,40
40.81,PROFIELEN,40
40.82,"LIJSTEN, ORNAMENTEN, FIGURATIES",40
40.88,STELPOSTEN,40
41,TEGELWERK,
41.00,ALGEMEEN,41
41.11,FUNCTIONELE OMSCHRIJVINGEN,41
41.12,WERKBESCHEIDEN,41
41.13,"BEPROEVING, CONTROLE, INSPECTIE, KEURING, METING EN OPNEMING",41
41.14,MONSTERS EN PROEFOPSTELLING,41
41.15,INSTRUCTIE/OPLEIDING,41
41.16,INREGELING EN INBEDRIJFSTELLING,41
41.17,REVISIEBESCHEIDEN,41
41.18,GARANTIES,41
41.21,DEMONTEREN/VERWIJDEREN BESTAAND TEGELWERK,41
41.22,REINIGEN BESTAAND TEGELWERK,41
41.23,VOORBEHANDELEN ONDERGROND BESTAAND TEGELWERK,41
41.25,HERSTELLEN BESTAAND TEGELWERK,41
41.26,AANPASSEN BESTAAND TEGELWERK,41
41.27,HERPLAATSEN BESTAAND TEGELWERK,41
41.28,ONDERHOUDEN BESTAAND TEGELWERK,41
41.30,VOORBEHANDELEN ONDERGROND,41
41.32,WANDTEGELWERK,41
41.42,VLOERTEGELWERK,41
41.52,TRAPTEGELWERK,41
41.62,PLINTTEGELWERK,41
41.63,MUURAFDEKKINGEN,41
41.64,ACCESSOIRETEGELS,41
41.71,VOEGWERK,41
41.81,ISOLATIE,41
41.83,PROFIELEN,41
41.84,TOEBEHOREN,41
41.88,STELPOSTEN,41
42,DEKVLOEREN EN VLOERSYSTEMEN,
42.00,ALGEMEEN,42
42.11,FUNCTIONELE OMSCHRIJVINGEN,42
42.12,WERKBESCHEIDEN,42
42.13,"BEPROEVING, CONTROLE, INSPECTIE, KEURING, METING EN OPNEMING",42
42.14,MONSTERS EN PROEFOPSTELLING,42
42.15,INSTRUCTIE/OPLEIDING,42
42.16,INREGELING EN INBEDRIJFSTELLING,42
42.17,REVISIEBESCHEIDEN,42
42.18,GARANTIES,42
42.21,DEMONTEREN/VERWIJDEREN BESTAANDE DEKVLOEREN EN VLOERSYSTEMEN,42
42.22,REINIGEN BESTAANDE DEKVLOEREN EN VLOERSYSTEMEN,42
42.23,VOORBEHANDELEN ONDERGROND BESTAANDE DEKVLOEREN EN VLOERSYSTEMEN,42
42.25,HERSTELLEN BESTAANDE DEKVLOEREN EN VLOERSYSTEMEN,42
42.26,AANPASSEN BESTAANDE DEKVLOEREN EN VLOERSYSTEMEN,42
42.27,HERPLAATSEN BESTAANDE DEKVLOEREN EN VLOERSYSTEMEN,42
42.28,ONDERHOUDEN BESTAANDE DEKVLOEREN EN VLOERSYSTEMEN,42
42.31,GEHECHTE MORTELDEKVLOEREN,42
42.32,MORTELDEKVLOEREN OP ISOLATIE,42
42.34,BITUMENGEBONDEN DEKVLOEREN,42
42.35,DROOGBOUW DEKVLOEREN,42
42.40,VLOERAFWERKINGEN,42
42.50,VLOERSYSTEMEN,42
42.72,BEWERKING,42
42.81,PROFIELEN,42
42.88,STELPOSTEN,42
43,METAAL- EN KUNSTSTOFWERK,
43.00,ALGEMEEN,43
43.11,FUNCTIONELE OMSCHRIJVINGEN,43
43.12,WERKBESCHEIDEN,43
43.13,"BEPROEVING, CONTROLE, INSPECTIE, KEURING, METING EN OPNEMING",43
43.14,"MONSTERS, PROEFOPSTELLINGEN EN PROEFVLAKKEN",43
43.15,INSTRUCTIE/OPLEIDING,43
43.16,"KEURING, INSPECTIE, RAPPORTAGE",43
43.17,REVISIEBESCHEIDEN,43
43.18,GARANTIES,43
43.21,DEMONTEREN/VERWIJDEREN BESTAAND METAAL- EN KUNSTSTOFWERK,43
43.22,REINIGEN BESTAAND METAAL- EN KUNSTSTOFWERK,43
43.25,HERSTELLEN BESTAAND METAAL- EN KUNSTSTOFWERK,43
43.26,AANPASSEN BESTAAND METAAL- EN KUNSTSTOFWERK,43
43.27,HERPLAATSEN BESTAAND METAAL- EN KUNSTSTOFWERK,43
43.28,ONDERHOUDEN BESTAAND METAAL- EN KUNSTSTOFWERK,43
43.31,LUIKEN,43
43.32,ROOSTERS,43
43.33,OMRANDINGEN,43
43.34,LUIFEL-/DAKELEMENTEN,43
43.38,DIVERSE ONDERDELEN,43
43.41,AFDEKPROFIELEN,43
43.42,METAALPROFIELEN,43
43.43,KUNSTSTOF PROFIELEN,43
43.44,"GAZEN, NETTEN EN WEEFSELS",43
43.88,STELPOSTEN,43
44,PLAFOND- EN WANDSYSTEMEN,
44.00,ALGEMEEN,44
44.11,FUNCTIONELE OMSCHRIJVINGEN,44
44.12,WERKBESCHEIDEN,44
44.13,"BEPROEVING, CONTROLE, INSPECTIE, KEURING, METING EN OPNEMING",44
44.14,MONSTERS EN PROEFOPSTELLING,44
44.15,INSTRUCTIE/OPLEIDING,44
44.16,INREGELING EN INBEDRIJFSTELLING,44
44.17,REVISIEBESCHEIDEN,44
44.18,GARANTIES,44
44.21,DEMONTEREN/VERWIJDEREN BESTAANDE PLAFOND- EN WANDSYSTEMEN,44
44.22,REINIGEN BESTAANDE PLAFOND- EN WANDSYSTEMEN,44
44.25,HERSTELLEN BESTAANDE PLAFOND- EN WANDSYSTEMEN,44
44.26,AANPASSEN BESTAANDE PLAFOND- EN WANDSYSTEMEN,44
44.27,HERPLAATSEN BESTAANDE PLAFOND- EN WANDSYSTEMEN,44
44.28,ONDERHOUDEN BESTAANDE PLAFOND- EN WANDSYSTEMEN,44
44.31,PANELENPLAFONDS,44
44.32,STROKENPLAFONDS,44
44.33,LAMELLENPLAFONDS,44
44.34,ROOSTERPLAFONDS,44
44.35,RASTERPLAFONDS,44
44.36,BAFFLE-PLAFONDS,44
44.37,GIPSPLAATPLAFONDS,44
44.38,PLAFONDELEMENTEN EN -ONDERDELEN,44
44.41,IN HET WERK AF TE WERKEN SYSTEEMWANDEN,44
44.42,VOORAF AFGEWERKTE SYSTEEMWANDEN,44
44.50,SYSTEEMBEKLEDINGEN,44
44.88,STELPOSTEN,44
45,AFBOUWTIMMERWERK,
45.00,ALGEMEEN,45
45.11,FUNCTIONELE OMSCHRIJVINGEN,45
45.12,WERKBESCHEIDEN,45
45.13,"BEPROEVING, CONTROLE, INSPECTIE, KEURING, METING EN OPNEMING",45
45.14,MONSTERS EN PROEFOPSTELLING,45
45.15,INSTRUCTIE/OPLEIDING,45
45.16,"KEURING, INSPECTIE, RAPPORTAGE",45
45.17,REVISIEBESCHEIDEN,45
45.18,GARANTIES,45
45.21,DEMONTEREN/VERWIJDEREN BESTAAND AFBOUWTIMMERWERK,45
45.24,INJECTEREN BESTAAND AFBOUWTIMMERWERK,45
45.25,HERSTELLEN BESTAAND AFBOUWTIMMERWERK,45
45.26,AANPASSEN BESTAAND AFBOUWTIMMERWERK,45
45.27,HERPLAATSEN BESTAAND AFBOUWTIMMERWERK,45
45.28,ONDERHOUDEN BESTAAND AFBOUWTIMMERWERK,45
45.31,REGELWERK,45
45.32,TENGEL- EN RACHELWERK,45
45.41,BESCHIETINGEN,45
45.42,VLAKKE-PLAATBEKLEDINGEN,45
45.43,GEPROFILEERDE-PLAATBEKLEDINGEN,45
45.44,PROFIELSTROKENBEKLEDINGEN,45
45.45,PANEELBEKLEDINGEN,45
45.46,AFTIMMERINGEN,45
45.81,ISOLATIE,45
45.82,DAMPREMMENDE/DAMPDOORLATENDE LAGEN,45
45.88,STELPOSTEN,45
46,SCHILDERWERK,
46.00,ALGEMEEN,46
46.11,FUNCTIONELE OMSCHRIJVINGEN,46
46.12,WERKBESCHEIDEN,46
46.13,"BEPROEVING, CONTROLE, INSPECTIE, KEURING, METING EN OPNEMING",46
46.14,MONSTERS EN PROEFOPSTELLING,46
46.15,INSTRUCTIE/OPLEIDING,46
46.16,"KEURING, INSPECTIE, RAPPORTAGE",46
46.17,REVISIEBESCHEIDEN,46
46.18,GARANTIES,46
46.20,HERSTELLEN BESTAANDE ONDERGROND,46
46.21,"BESTAANDE ONDERGROND, HOUT",46
46.22,"BESTAANDE ONDERGROND, METAAL",46
46.23,"BESTAANDE ONDERGROND, STEENACHTIG",46
46.24,"BESTAANDE ONDERGROND, KUNSTSTOF",46
46.28,"BESTAANDE ONDERGROND, DIVERSEN",46
46.31,"NIEUWE ONDERGROND, HOUT",46
46.32,"NIEUWE ONDERGROND, METAAL",46
46.33,"NIEUWE ONDERGROND, STEENACHTIG",46
46.34,"NIEUWE ONDERGROND, KUNSTSTOF",46
46.38,"NIEUWE ONDERGROND, DIVERSEN",46
46.41,"INDUSTRIELE COATING, METAAL",46
46.71,DEMONTEREN/VERWIJDEREN HISTORISCH SCHILDERWERK,46
46.72,REINIGEN HISTORISCH SCHILDERWERK,46
46.73,VOORBEHANDELEN ONDERGROND HISTORISCH SCHILDERWERK,46
46.74,INJECTEREN HISTORISCH SCHILDERWERK,46
46.75,HERSTELLEN HISTORISCH SCHILDERWERK,46
46.76,AANPASSEN HISTORISCH SCHILDERWERK,46
46.78,ONDERHOUDEN HISTORISCH SCHILDERWERK,46
46.88,STELPOSTEN,46
47,BINNENINRICHTING,
47.00,ALGEMEEN,47
47.11,FUNCTIONELE OMSCHRIJVINGEN,47
47.12,WERKBESCHEIDEN,47
47.13,"BEPROEVING, CONTROLE, INSPECTIE, KEURING, METING EN OPNEMING",47
47.14,MONSTERS EN PROEFOPSTELLING,47
47.15,INSTRUCTIE/OPLEIDING,47
47.16,INREGELING EN INBEDRIJFSTELLING,47
47.17,REVISIEBESCHEIDEN,47
47.18,GARANTIES,47
47.21,DEMONTEREN/VERWIJDEREN BESTAANDE BINNENINRICHTING,47
47.22,REINIGEN BESTAANDE BINNENINRICHTING,47
47.25,HERSTELLEN BESTAANDE BINNENINRICHTING,47
47.26,AANPASSEN BESTAANDE BINNENINRICHTING,47
47.27,HERPLAATSEN BESTAANDE BINNENINRICHTING,47
47.28,ONDERHOUDEN BESTAANDE BINNENINRICHTING,47
47.31,KASTEN,47
47.32,STELLINGEN,47
47.33,GARDEROBES,47
47.34,CONTAINERS EN BAKKEN,47
47.41,"AANRECHT-, WERK- EN BUFFETBLADEN",47
47.42,BALIES,47
47.44,ZITMEUBELS,47
47.51,BEWEGWIJZERING,47
47.52,RECLAME-OBJECTEN,47
47.60,GEBOUWAANKLEDING EN DECORATIE,47
47.88,STELPOSTEN,47
48,"BEHANGWERK, VLOERBEDEKKING EN STOFFERING",
48.00,ALGEMEEN,48
48.11,FUNCTIONELE OMSCHRIJVINGEN,48
48.12,WERKBESCHEIDEN,48
48.13,"BEPROEVING, CONTROLE, INSPECTIE, KEURING, METING EN OPNEMING",48
48.14,MONSTERS EN PROEFOPSTELLING,48
48.15,INSTRUCTIE/OPLEIDING,48
48.16,"KEURING, INSPECTIE, RAPPORTAGE",48
48.17,REVISIEBESCHEIDEN,48
48.18,GARANTIES,48
48.21,"DEMONTEREN/VERWIJDEREN BESTAAND BEHANGWERK, VLOERBEDEKKING EN STOFFERING",48
48.22,"REINIGEN BESTAAND BEHANGWERK, VLOERBEDEKKING EN STOFFERING",48
48.25,"HERSTELLEN BESTAAND BEHANGWERK, VLOERBEDEKKING EN STOFFERING",48
48.26,"AANPASSEN BESTAAND BEHANGWERK, VLOERBEDEKKING EN STOFFERING",48
48.27,"HERPLAATSEN BESTAAND BEHANGWERK, VLOERBEDEKKING EN STOFFERING",48
48.28,"ONDERHOUDEN BESTAAND BEHANGWERK, VLOERBEDEKKING EN STOFFERING",48
48.31,"BEHANGWERK, VOORBEHANDELING ONDERGROND",48
48.32,"BEHANGWERK, ONDERLAGEN",48
48.33,BEHANGWERK,48
48.34,WANDBEKLEDINGEN,48
48.41,"VLOERBEDEKKING, VOORBEHANDELING ONDERGROND",48
48.42,"VLOERBEDEKKING, TUSSENLAGEN",48
48.43,ELASTISCHE VLOERBEDEKKINGEN,48
48.44,ZACHTE VLOERBEDEKKINGEN,48
48.45,PARKET,48
48.51,"ZONWERINGSSCHERMEN EN GORDIJNEN, BINNEN",48
48.58,TOEBEHOREN STOFFERING,48
48.61,PROFIELEN,48
48.88,STELPOSTEN,48
50,DAKGOTEN EN HEMELWATERAFVOEREN,
50.00,ALGEMEEN,50
50.11,FUNCTIONELE OMSCHRIJVINGEN,50
50.12,WERKBESCHEIDEN,50
50.13,"BEPROEVING, CONTROLE, INSPECTIE, KEURING, METING EN OPNEMING",50
50.14,"MONSTERS, PROEFOPSTELLINGEN EN PROEFVLAKKEN",50
50.15,INSTRUCTIE/OPLEIDING,50
50.16,"KEURING, INSPECTIE, RAPPORTAGE",50
50.17,REVISIEBESCHEIDEN,50
50.18,GARANTIES,50
50.21,DEMONTEREN/VERWIJDEREN BESTAANDE DAKGOTEN EN HEMELWATERAFVOEREN,50
50.25,HERSTELLEN BESTAANDE DAKGOTEN EN HEMELWATERAFVOEREN,50
50.26,AANPASSEN BESTAANDE DAKGOTEN EN HEMELWATERAFVOEREN,50
50.28,ONDERHOUDEN BESTAANDE DAKGOTEN EN HEMELWATERAFVOEREN,50
50.31,DAKGOTEN,50
50.32,DAKGOOTBEKLEDINGEN,50
50.41,METALEN BUISLEIDINGEN,50
50.42,KUNSTSTOF BUISLEIDINGEN,50
50.48,VERBINDINGEN,50
50.50,APPENDAGES,50
50.51,APPENDAGES IN LEIDINGEN,50
50.60,TANKS,50
50.62,FILTERS,50
50.81,ISOLATIE,50
50.82,ISOLATIE-AFWERKINGEN,50
50.88,STELPOSTEN,50
51,BINNENRIOLERING,
51.00,ALGEMEEN,51
51.11,FUNCTIONELE OMSCHRIJVINGEN,51
51.12,WERKBESCHEIDEN,51
51.13,"BEPROEVEN, CONTROLEREN, KEUREN, INREGELEN, IN BEDRIJF STELLEN",51
51.14,"MONSTERS, PROEFOPSTELLINGEN EN PROEFVLAKKEN",51
51.15,INSTRUCTIE/OPLEIDING,51
51.16,INREGELING EN INBEDRIJFSTELLING,51
51.17,REVISIEBESCHEIDEN,51
51.18,GARANTIES,51
51.20,BESTAAND WERK,51
51.31,METALEN BUISLEIDINGEN,51
51.32,KUNSTSTOF BUISLEIDINGEN,51
51.33,STEENACHTIGE BUISLEIDINGEN,51
51.38,VERBINDINGEN,51
51.41,GOTEN,51
51.42,PUTTEN,51
51.43,AFSCHEIDERS,51
51.50,POMPEN EN TANKS,51
51.61,APPENDAGES IN LEIDINGEN,51
51.62,APPENDAGES AAN LEIDINGEN,51
51.63,APPENDAGES OM LEIDINGEN,51
51.64,SLANGEN,51
51.81,ISOLATIE,51
51.82,ISOLATIE-AFWERKINGEN,51
51.88,STELPOSTEN,51
52,WATERINSTALLATIES,
52.00,ALGEMEEN,52
52.11,FUNCTIONELE OMSCHRIJVINGEN,52
52.12,WERKBESCHEIDEN,52
52.13,"BEPROEVEN, CONTROLEREN, KEUREN, INREGELEN, IN BEDRIJF STELLEN",52
52.14,"MONSTERS, PROEFOPSTELLINGEN EN PROEFVLAKKEN",52
52.15,INSTRUCTIE/OPLEIDING,52
52.16,INREGELING EN INBEDRIJFSTELLING,52
52.17,REVISIEBESCHEIDEN,52
52.18,GARANTIES,52
52.20,BESTAAND WERK,52
52.31,METALEN BUISLEIDINGEN,52
52.32,KUNSTSTOF BUISLEIDINGEN,52
52.33,VERDELERS EN VERZAMELAARS,52
52.34,STEENACHTIGE BUISLEIDINGEN,52
52.38,VERBINDINGEN,52
52.40,POMPEN EN APPARATEN,52
52.51,VOORRAADTOESTELLEN,52
52.52,DOORSTROOMTOESTELLEN,52
52.61,APPENDAGES IN LEIDINGEN,52
52.62,APPENDAGES AAN LEIDINGEN,52
52.63,APPENDAGES OM LEIDINGEN,52
52.81,ISOLATIE,52
52.82,ISOLATIE-AFWERKINGEN,52
52.88,STELPOSTEN,52
53,SANITAIR,
53.00,ALGEMEEN,53
53.11,FUNCTIONELE OMSCHRIJVINGEN,53
53.12,WERKBESCHEIDEN,53
53.13,"BEPROEVING, CONTROLE, INSPECTIE, KEURING, METING EN OPNEMING",53
53.14,MONSTERS EN PROEFOPSTELLING,53
53.15,INSTRUCTIE/OPLEIDING,53
53.16,INREGELING EN INBEDRIJFSTELLING,53
53.17,REVISIEBESCHEIDEN,53
53.18,GARANTIES,53
53.21,DEMONTEREN/VERWIJDEREN BESTAAND SANITAIR,53
53.22,REINIGEN BESTAAND SANITAIR,53
53.27,HERPLAATSEN BESTAAND SANITAIR,53
53.31,CLOSET- EN URINOIRCOMBINATIES,53
53.32,"DOUCHE-, BAD- EN BIDETCOMBINATIES",53
53.33,WASTAFEL- EN WASTROGCOMBINATIES,53
53.34,GOOTSTEEN- EN SPOELBAKCOMBINATIES,53
53.60,"CABINES, UNITS, PANELEN",53
53.70,KRANEN EN KRAAN-AFVOERCOMBINATIES,53
53.80,TOEBEHOREN SANITAIR,53
53.88,STELPOSTEN,53
54,BRANDBESTRIJDINGSINSTALLATIES,
54.00,ALGEMEEN,54
54.11,FUNCTIONELE OMSCHRIJVINGEN,54
54.12,WERKBESCHEIDEN,54
54.13,"BEPROEVEN, CONTROLEREN, KEUREN, INREGELEN, IN BEDRIJF STELLEN",54
54.14,MONSTERS EN PROEFOPSTELLING,54
54.15,INSTRUCTIE/OPLEIDING,54
54.16,INREGELING EN INBEDRIJFSTELLING,54
54.17,REVISIEBESCHEIDEN,54
54.18,GARANTIES,54
54.20,BESTAAND WERK,54
54.31,METALEN BUISLEIDINGEN,54
54.32,KUNSTSTOF BUISLEIDINGEN,54
54.38,VERBINDINGEN,54
54.40,BRANDBLUSTOESTELLEN,54
54.50,APPENDAGES,54
54.60,FLESSEN EN TANKS,54
54.70,POMPEN EN APPARATEN,54
54.80,MENGERS,54
54.88,STELPOSTEN,54
55,GASINSTALLATIES,
55.00,ALGEMEEN,55
55.11,FUNCTIONELE OMSCHRIJVINGEN,55
55.12,WERKBESCHEIDEN,55
55.13,"BEPROEVEN, CONTROLEREN, KEUREN, INREGELEN, IN BEDRIJF STELLEN",55
55.14,"MONSTERS, PROEFOPSTELLINGEN EN PROEFVLAKKEN",55
55.15,INSTRUCTIE/OPLEIDING,55
55.16,INREGELING EN INBEDRIJFSTELLING,55
55.17,REVISIEBESCHEIDEN,55
55.18,GARANTIES,55
55.20,BESTAAND WERK,55
55.31,METALEN BUISLEIDINGEN,55
55.32,KUNSTSTOF BUISLEIDINGEN,55
55.33,VERDELERS EN VERZAMELAARS,55
55.38,VERBINDINGEN,55
55.40,FLESSEN EN TANKS,55
55.51,APPENDAGES IN LEIDINGEN,55
55.52,APPENDAGES AAN LEIDINGEN,55
55.53,APPENDAGES OM LEIDINGEN,55
55.88,STELPOSTEN,55
56,PERSLUCHT- EN VACUUMINSTALLATIES,
56.00,ALGEMEEN,56
56.11,FUNCTIONELE OMSCHRIJVINGEN,56
56.12,WERKBESCHEIDEN,56
56.13,"BEPROEVEN, CONTROLEREN, KEUREN, INREGELEN, IN BEDRIJF STELLEN",56
56.14,"MONSTERS, PROEFOPSTELLINGEN EN PROEFVLAKKEN",56
56.15,INSTRUCTIE/OPLEIDING,56
56.16,INREGELING EN INBEDRIJFSTELLING,56
56.17,REVISIEBESCHEIDEN,56
56.18,GARANTIES,56
56.20,BESTAAND WERK,56
56.31,METALEN BUISLEIDINGEN,56
56.32,VERDELERS EN VERZAMELAARS,56
56.33,KUNSTSTOF BUISLEIDINGEN,56
56.38,VERBINDINGEN,56
56.40,"APPARATEN, FLESSEN EN TANKS",56
56.51,APPENDAGES IN LEIDINGEN,56
56.52,APPENDAGES AAN LEIDINGEN,56
56.53,APPENDAGES OM LEIDINGEN,56
56.88,STELPOSTEN,56
57,TECHNISCHE INRICHTING,
57.00,ALGEMEEN,57
60,VERWARMINGSINSTALLATIES,
60.00,ALGEMEEN,60
60.11,FUNCTIONELE OMSCHRIJVINGEN,60
60.12,WERKBESCHEIDEN,60
60.13,"BEPROEVEN, CONTROLEREN, KEUREN, INREGELEN, IN BEDRIJF STELLEN",60
60.14,MONSTERS EN PROEFOPSTELLING,60
60.15,INSTRUCTIE/OPLEIDING,60
60.16,INREGELING EN INBEDRIJFSTELLING,60
60.17,REVISIEBESCHEIDEN,60
60.18,GARANTIES,60
60.21,DEMONTEREN/VERWIJDEREN BESTAANDE VERWARMINGSINSTALLATIES,60
60.22,REINIGEN BESTAANDE VERWARMINGSINSTALLATIES,60
60.26,AANPASSEN BESTAANDE VERWARMINGSINSTALLATIES,60
60.27,HERPLAATSEN BESTAANDE VERWARMINGSINSTALLATIES,60
60.28,ONDERHOUDEN BESTAANDE VERWARMINGSINSTALLATIES,60
60.31,METALEN BUISLEIDINGEN,60
60.32,KUNSTSTOF BUISLEIDINGEN,60
60.33,VERDELERS EN VERZAMELAARS,60
60.34,METALEN KANALEN,60
60.35,KUNSTSTOF KANALEN,60
60.38,VERBINDINGEN,60
60.41,"VERWARMINGSLICHAMEN, NATUURLIJKE AFGIFTE",60
60.42,"VERWARMINGSLICHAMEN, GEFORCEERDE AFGIFTE",60
60.51,CENTRALE WARMTE-OPWEKKINGSAPPARATEN,60
60.52,LOKALE WARMTE-OPWEKKINGSAPPARATEN,60
60.53,DOORSTROOMTOESTELLEN,60
60.60,FLESSEN EN TANKS,60
60.71,APPENDAGES IN LEIDINGEN EN KANALEN,60
60.72,APPENDAGES AAN LEIDINGEN EN KANALEN,60
60.73,APPENDAGES OM LEIDINGEN EN KANALEN,60
60.74,APPENDAGES VERWARMINGSLICHAMEN,60
60.81,ISOLATIE,60
60.82,ISOLATIE-AFWERKINGEN,60
60.83,REGELAPPARATUUR,60
60.88,STELPOSTEN,60
61,VENTILATIE- EN LUCHTBEHANDELINGSINSTALLATIES,
61.00,ALGEMEEN,61
61.11,FUNCTIONELE OMSCHRIJVINGEN,61
61.12,WERKBESCHEIDEN,61
61.13,"BEPROEVEN, CONTROLEREN, KEUREN, INREGELEN, IN BEDRIJF STELLEN",61
61.14,MONSTERS EN PROEFOPSTELLING,61
61.15,INSTRUCTIE/OPLEIDING,61
61.16,INREGELING EN INBEDRIJFSTELLING,61
61.17,REVISIEBESCHEIDEN,61
61.18,GARANTIES,61
61.20,BESTAAND WERK,61
61.31,MINERALE KANALEN,61
61.32,METALEN KANALEN,61
61.33,KUNSTSTOF KANALEN,61
61.36,VERDELERS EN VERZAMELAARS,61
61.38,VERBINDINGEN,61
61.41,LUCHTBEHANDELINGSKASTEN,61
61.42,"VENTILATIE-, VERWARMINGS- EN BEVOCHTIGINGSAPPARATEN",61
61.43,VENTILATOREN,61
61.51,BINNENROOSTERS,61
61.52,BUITENROOSTERS EN DAKKAPPEN,61
61.60,APPENDAGES,61
61.81,ISOLATIE,61
61.82,ISOLATIE-AFWERKINGEN,61
61.83,REGEL- EN SCHAKELAPPARATUUR,61
61.88,STELPOSTEN,61
62,KOELINSTALLATIES,
62.00,ALGEMEEN,62
62.11,FUNCTIONELE OMSCHRIJVINGEN,62
62.12,WERKBESCHEIDEN,62
62.13,"BEPROEVEN, CONTROLEREN, KEUREN, INREGELEN, IN BEDRIJF STELLEN",62
62.14,MONSTERS EN PROEFOPSTELLING,62
62.15,INSTRUCTIE/OPLEIDING,62
62.16,INREGELING EN INBEDRIJFSTELLING,62
62.17,REVISIEBESCHEIDEN,62
62.18,GARANTIES,62
62.20,BESTAAND WERK,62
62.31,METALEN BUISLEIDINGEN,62
62.32,KUNSTSTOF BUISLEIDINGEN,62
62.33,VERDELERS EN VERZAMELAARS,62
62.38,VERBINDINGEN,62
62.41,CENTRALE KOELAPPARATEN,62
62.42,LOKALE KOELAPPARATEN,62
62.51,"KOELLICHAMEN, GEFORCEERDE AFGIFTE",62
62.52,"KOELLICHAMEN, NATUURLIJKE AFGIFTE",62
62.60,TANKS,62
62.71,APPENDAGES IN LEIDINGEN,62
62.72,APPENDAGES AAN LEIDINGEN,62
62.73,APPENDAGES OM LEIDINGEN,62
62.74,APPENDAGES KOELLICHAMEN,62
62.81,ISOLATIE,62
62.82,ISOLATIE-AFWERKINGEN,62
62.83,REGELAPPARATUUR,62
62.88,STELPOSTEN,62
68,REGELINSTALLATIES,
68.00,ALGEMEEN,68
68.11,FUNCTIONELE OMSCHRIJVINGEN,68
68.12,WERKBESCHEIDEN,68
68.13,"BEPROEVING, CONTROLE, INSPECTIE, KEURING, METING EN OPNEMING",68
68.14,MONSTERS EN PROEFOPSTELLING,68
68.15,INSTRUCTIE/OPLEIDING,68
68.16,"KEURING, INSPECTIE, RAPPORTAGE",68
68.17,REVISIEBESCHEIDEN,68
68.18,GARANTIES,68
68.20,BESTAAND WERK,68
68.31,MEETORGANEN EN OPNEMERS,68
68.32,REGELAARS,68
68.33,CORRIGERENDE ORGANEN,68
68.34,BEDIENENDE ELEMENTEN,68
68.41,VERWERKINGSAPPARATUUR,68
68.51,SCHAKEL- EN VERDEELEENHEDEN,68
68.52,OMVORMERS,68
68.88,STELPOSTEN,68
70,ELEKTROTECHNISCHE INSTALLATIES,
70.00,ALGEMEEN,70
70.11,FUNCTIONELE OMSCHRIJVINGEN,70
70.12,WERKBESCHEIDEN,70
70.13,"BEPROEVEN, CONTROLEREN, KEUREN, INREGELEN, IN BEDRIJF STELLEN",70
70.14,MONSTERS EN PROEFOPSTELLING,70
70.15,INSTRUCTIE/OPLEIDING,70
70.16,INREGELING EN INBEDRIJFSTELLING,70
70.17,REVISIEBESCHEIDEN,70
70.18,GARANTIES,70
70.21,DEMONTEREN/VERWIJDEREN BESTAANDE ELEKTROTECHNISCHE INSTALLATIES,70
70.26,AANPASSEN BESTAANDE ELEKTROTECHNISCHE INSTALLATIES,70
70.31,TRANSFORMATOREN,70
70.32,AGGREGATEN,70
70.33,OMZETTERS,70
70.34,ACCUMULATOREN,70
70.35,NO-BREAKSYSTEMEN,70
70.36,FILTERS,70
70.37,BLINDSTROOMCOMPENSATOREN,70
70.38,"TRANSFORMATORSTATIONS, VOORAF VERVAARDIGD",70
70.41,KANALISATIE,70
70.42,BUISLEIDINGEN EN SLANGEN,70
70.43,DOORVOERINGEN,70
70.51,"SCHAKEL- EN VERDEELINRICHTINGEN, MIDDENSPANNING",70
70.52,"SCHAKEL- EN VERDEELINRICHTINGEN, LAAGSPANNING",70
70.53,RAILKOKERSYSTEMEN,70
70.54,MEETINSTRUMENTEN,70
70.55,BEVEILIGINGSTOESTELLEN,70
70.61,"ENERGIEKABELS, MIDDENSPANNING",70
70.62,"ENERGIEKABELS, LAAGSPANNING",70
70.63,INFORMATIE- EN SIGNAALKABELS,70
70.64,DRADEN,70
70.65,TOEBEHOREN DRAAD/KABEL,70
70.71,"SCHAKELAARS, MIDDENSPANNING",70
70.72,"SCHAKELAARS, LAAGSPANNING",70
70.73,"CONTACTDOZEN EN AANSLUITMATERIAAL, MIDDENSPANNING",70
70.74,"CONTACTDOZEN EN AANSLUITMATERIAAL, LAAGSPANNING",70
70.75,SCHAKELAARCOMBINATIES,70
70.78,SPANNINGSRAILS,70
70.81,VERLICHTINGSARMATUREN,70
70.82,LAMPEN,70
70.83,VERWARMINGSTOESTELLEN EN KABELS,70
70.84,ELEKTRISCHE TOESTELLEN,70
70.85,LICHTMASTEN,70
70.86,KATHODISCHE BESCHERMING,70
70.87,AARDINGS- EN BLIKSEMAFLEIDERMATERIALEN,70
70.88,STELPOSTEN,70
75,COMMUNICATIE- EN BEVEILIGINGSINSTALLATIES,
75.00,ALGEMEEN,75
75.11,FUNCTIONELE OMSCHRIJVINGEN,75
75.12,WERKBESCHEIDEN,75
75.13,"BEPROEVEN, CONTROLEREN, KEUREN, INREGELEN, IN BEDRIJF STELLEN",75
75.14,MONSTERS EN PROEFOPSTELLING,75
75.15,BEDIENINGSINSTRUCTIES EN ONDERHOUDSVOORSCHRIFTEN,75
75.16,INREGELING EN INBEDRIJFSTELLING,75
75.17,REVISIEBESCHEIDEN,75
75.18,GARANTIES,75
75.20,BESTAAND WERK,75
75.31,CENTRALE COMMUNICATIE-APPARATUUR,75
75.32,CENTRALE-VERWERKINGSAPPARATUUR,75
75.33,BEDIENINGS-/SIGNALERINGSPANELEN,75
75.37,VOEDINGSAPPARATUUR,75
75.41,SIGNAALZEND-ONTVANGSTAPPARATUUR,75
75.42,SIGNAALBEHANDELINGSAPPARATUUR,75
75.43,SIGNAALONTVANGST-WEERGAVE APPARATUUR,75
75.44,SIGNAALOPNAME-WEERGAVE APPARATUUR,75
75.45,LICHT-/GELUIDSIGNAALAPPARATUUR,75
75.46,COMMUNICATIE-APPARATUUR,75
75.51,REGISTRATIE-APPARATUUR,75
75.52,MELD-/DETECTIE-APPARATUUR,75
75.53,GRENDELINGS-/ONTGRENDELINGSAPPARATUUR,75
75.61,INFORMATIEKABELS/-LEIDINGEN,75
75.62,RANGEERDRADEN/-SNOEREN EN AANSLUITSNOEREN,75
75.65,TOEBEHOREN INFORMATIEKABELS,75
75.71,VERBINDINGSMATERIAAL,75
75.72,SIGNAALVERDELERS,75
75.73,SCHAKEL- EN AANSLUITMATERIAAL,75
75.81,GEGEVENSUITVOERAPPARATUUR,75
75.82,SOFTWARE,75
75.83,GEGEVENSDRAGERS,75
75.88,STELPOSTEN,75
78,GEBOUWENBEHEERSYSTEMEN,
78.00,ALGEMEEN,78
78.11,FUNCTIONELE OMSCHRIJVINGEN,78
78.12,WERKBESCHEIDEN,78
78.13,"BEPROEVING, CONTROLE, INSPECTIE, KEURING, METING EN OPNEMING",78
78.14,"MONSTERS, PROEFOPSTELLINGEN EN PROEFVLAKKEN",78
78.15,INSTRUCTIE/OPLEIDING,78
78.16,INREGELING EN INBEDRIJFSTELLING,78
78.17,REVISIEBESCHEIDEN,78
78.18,GARANTIES,78
78.31,BUSLEIDINGEN/-RAILSYSTEMEN,78
78.41,SYSTEEMCOMPONENTEN BUSSYSTEMEN,78
78.51,SENSOR-/AANSTURINGSCOMPONENTEN BUSSYSTEMEN,78
78.61,SCHAKELACTOR-/REGELCOMPONENTEN BUSSYSTEMEN,78
78.75,OVERSPANNINGSBEVEILIGINGSCOMPONENTEN,78
78.81,SYSTEEM TOEBEHOREN,78
78.88,STELPOSTEN,78
80,LIFTINSTALLATIES,
80.00,ALGEMEEN,80
80.11,FUNCTIONELE OMSCHRIJVINGEN,80
80.12,WERKBESCHEIDEN,80
80.13,"BEPROEVING, CONTROLE, INSPECTIE, KEURING, METING EN OPNEMING",80
80.14,"MONSTERS, PROEFOPSTELLINGEN EN PROEFVLAKKEN",80
80.15,INSTRUCTIE/OPLEIDING,80
80.16,"KEURING, INSPECTIE, RAPPORTAGE",80
80.17,REVISIEBESCHEIDEN,80
80.18,GARANTIES,80
80.21,DEMONTEREN/VERWIJDEREN BESTAANDE LIFTINSTALLATIES,80
80.25,HERSTELLEN BESTAANDE LIFTINSTALLATIES,80
80.26,AANPASSEN BESTAANDE LIFTINSTALLATIES,80
80.31,LIFTKOOIEN,80
80.32,"CONSTRUCTIES IN SCHACHT, MACHINE- EN SCHIJVENRUIMTE",80
80.33,AANDRIJVINGEN,80
80.34,BESTURING EN SIGNALERING,80
80.35,SCHACHTTOEGANGEN,80
80.51,LIFTEN VOOR MINDER MOBIELE PERSONEN,80
80.61,FIETSLIFTEN,80
80.80,TOEBEHOREN,80
80.88,STELPOSTEN,80
81,ROLTRAPPEN EN ROLPADEN,
81.00,ALGEMEEN,81
81.11,FUNCTIONELE OMSCHRIJVINGEN,81
81.12,WERKBESCHEIDEN,81
81.13,"BEPROEVEN, CONTROLEREN, KEUREN, INREGELEN, IN BEDRIJF STELLEN",81
81.14,"MONSTERS, PROEFOPSTELLINGEN EN PROEFVLAKKEN",81
81.15,INSTRUCTIE/OPLEIDING,81
81.16,INREGELING EN INBEDRIJFSTELLING,81
81.17,REVISIEBESCHEIDEN,81
81.18,GARANTIES,81
81.20,BESTAAND WERK,81
81.30,ROLTRAPPEN EN ROLPADEN,81
81.88,STELPOSTEN,81
82,HIJS- EN HEFINSTALLATIES,
82.00,ALGEMEEN,82
82.11,FUNCTIONELE OMSCHRIJVINGEN,82
82.12,WERKBESCHEIDEN,82
82.13,"BEPROEVEN, CONTROLEREN, KEUREN, INREGELEN, IN BEDRIJF STELLEN",82
82.14,"MONSTERS, PROEFOPSTELLINGEN EN PROEFVLAKKEN",82
82.15,INSTRUCTIE/OPLEIDING,82
82.16,"KEURING, INSPECTIE, RAPPORTAGE",82
82.17,REVISIEBESCHEIDEN,82
82.18,GARANTIES,82
82.20,BESTAAND WERK,82
82.31,KRAANINSTALLATIES,82
82.35,TAKEL/LIER/TREK,82
82.41,HEFPLATEAU,82
82.51,HEFTAFEL,82
82.61,HEFBRUG,82
82.71,DOCKLEVELLER,82
82.80,OVERIGE HIJSINSTALLATIES,82
82.88,STELPOSTEN,82
83,GOEDERENTRANSPORT- EN -DISTRIBUTIESYSTEMEN,
83.00,ALGEMEEN,83
84,GEVELONDERHOUDINSTALLATIES,
84.00,ALGEMEEN,84
84.11,FUNCTIONELE OMSCHRIJVINGEN,84
84.12,WERKBESCHEIDEN,84
84.13,"BEPROEVEN, CONTROLEREN, KEUREN, INREGELEN, IN BEDRIJF STELLEN",84
84.14,"MONSTERS, PROEFOPSTELLINGEN EN PROEFVLAKKEN",84
84.15,INSTRUCTIE/OPLEIDING,84
84.16,"KEURING, INSPECTIE, RAPPORTAGE",84
84.17,REVISIEBESCHEIDEN,84
84.18,GARANTIES,84
84.20,BESTAAND WERK,84
84.30,RAILTRAJECTEN,84
84.40,DAKBALKEN EN -HAKEN,84
84.50,DAK- EN GEVELWAGENS,84
84.60,HANGSTEIGERS,84
84.70,GEVELLADDERS,84
84.80,GEVELBESCHERMINGSVOORZIENINGEN,84
84.88,STELPOSTEN,84
